CustomerID,T1,recency1,FREQUENCY,profit
13261,44,3,1,26.23
12471,51,50,29,9.84
14465,46,8,1,2.04
14514,50,38,2,3.61
18161,48,44,5,5.01
15100,50,48,3,46.54
17172,14,1,1,5.04
17193,28,20,5,12.32
14958,38,14,2,2.97
16224,38,27,3,3.37
14315,41,35,6,6.02
15146,44,18,1,3.53
15221,4,1,1,15.74
16985,48,46,7,11.29
16506,9,3,1,7.53
15026,42,28,2,1.92
15462,30,14,2,5.33
16549,51,47,7,1.06
17438,39,1,1,5.24
17392,47,45,1,1.85
12757,33,28,9,7.62
15157,25,23,3,3.76
17462,43,33,2,6.15
16954,41,39,7,9.65
12723,12,9,2,2.63
17396,24,20,3,67.88
13046,41,34,1,4.5
14658,20,16,1,2.13
17554,24,21,4,5.55
15491,36,20,5,5.02
17430,7,4,1,4.75
18193,26,23,2,3.81
15716,40,36,3,2.37
12566,15,2,1,4.46
12854,48,34,2,2.96
13368,51,12,1,5.37
12782,51,49,5,5.58
18030,9,6,1,6.01
18071,40,37,1,4.53
14180,51,49,24,4.9
15398,14,9,2,4.57
13726,17,9,1,6.43
14555,46,35,1,3.86
15840,27,16,1,3.26
16244,33,29,1,4.18
12885,20,8,1,4.14
13104,41,40,5,13.73
14177,28,13,2,3.28
14141,18,15,5,5.17
12948,41,36,7,4.4
12841,51,48,22,2.37
17883,38,35,3,1.16
14462,51,39,8,2.08
14102,9,5,3,4.18
14105,37,22,1,4.18
18075,48,46,10,4.39
16253,39,32,2,7.46
16076,33,30,8,4.38
12652,50,1,1,4.54
17566,6,2,1,1.48
16515,47,37,4,3.6
16242,42,38,6,3.06
16948,49,26,2,5.72
16230,34,4,1,3.87
13117,48,45,7,3.24
16316,51,49,8,5
12536,11,7,2,19.32
17386,26,22,3,23.99
16693,42,29,1,2.01
16401,50,47,15,5.22
16201,18,15,4,4.14
15228,45,33,4,6.74
16475,42,27,3,4.86
16469,38,32,2,0.89
18062,51,23,2,6.67
17974,34,28,2,1.03
16682,30,27,4,8.57
16057,43,40,6,4.45
15053,43,40,2,2.46
16394,44,34,8,4.25
13488,51,48,14,5.28
13122,37,21,1,4.19
14824,16,12,3,9.72
15570,50,48,9,3.2
17720,35,32,3,5.98
16470,30,28,3,1.12
16609,39,34,8,4.94
16348,37,30,5,1.56
16073,45,1,1,18.81
14032,42,41,14,4.97
14606,51,50,50,1.13
14507,42,36,4,3.57
17094,49,1,1,5.56
17585,51,33,3,1.32
17730,49,46,14,6.03
15452,41,34,2,2.32
16145,51,50,17,4.07
17019,50,47,3,1.36
13975,42,35,4,1.87
17466,14,10,1,4.65
14013,42,23,2,3.48
17018,49,40,1,14.38
16191,51,49,15,9.02
17817,42,39,1,2.94
15700,28,1,1,2.05
15206,42,38,3,11.67
12910,37,31,5,10.25
17946,40,4,1,1.87
15829,23,6,1,3.12
16657,39,35,3,1.12
17377,46,44,15,2.55
13015,38,28,2,4.75
17771,49,38,1,1.14
16038,32,28,2,4.37
17049,42,39,9,4.45
18041,51,48,18,2.22
12526,16,13,2,4.64
15806,42,33,2,6.33
15027,37,30,5,7.3
17531,30,10,1,5
13267,50,49,18,5.18
16942,35,30,7,1.72
13085,45,20,2,4.83
14628,37,21,1,7
16949,48,45,6,5.78
17589,37,26,3,2.38
13951,45,17,2,4.32
13093,51,49,8,11.65
17453,12,7,1,6.4
13521,4,1,1,0.63
13868,8,4,1,24.19
18143,23,4,1,4.1
16311,10,5,1,4.16
14978,50,37,4,2.24
12704,27,23,6,6.84
13168,48,40,3,2.5
15628,39,36,8,4.58
15208,26,25,5,5.07
13397,51,38,5,9.93
16960,39,31,2,1.26
13249,40,24,1,7.73
12474,50,47,21,4.18
14020,15,10,1,4.12
13106,22,1,1,11.69
13571,39,34,11,1.53
15478,11,2,1,7.83
18118,49,46,21,1.11
17596,38,35,6,2.62
15724,43,11,2,4.67
17682,38,35,5,5.23
15355,10,3,1,4.95
12867,45,43,6,1.85
16393,45,42,10,2.2
17675,51,48,30,7.16
17157,28,24,2,5.52
15482,39,37,7,30.59
14290,48,46,5,5.64
14387,18,11,2,3.16
14547,11,8,5,2.74
13991,23,18,4,2.5
17506,14,1,1,4.85
17313,7,2,1,21.16
13247,15,10,3,5.01
17091,49,46,6,4.86
14031,51,49,16,19.32
16780,40,23,1,1.77
17198,6,3,2,1.8
16284,10,3,1,1.89
14495,20,10,1,5.16
15145,38,35,3,4.46
17419,49,46,11,5.11
15812,48,30,4,10.98
14150,8,6,1,6.33
18044,43,41,8,4.09
14389,48,44,4,4.38
15238,29,22,3,5.23
17830,44,41,2,4.33
16081,40,37,4,3.09
16353,51,50,17,17.75
15939,50,34,13,19.9
13630,44,40,8,6.46
13675,43,19,1,4.87
16863,7,5,2,4.68
13300,27,1,1,4.3
13430,15,10,3,3.29
16747,12,6,2,4.7
17757,51,49,24,1.9
13213,31,20,4,4.14
18080,37,32,1,153.94
15646,38,34,3,3.26
16226,36,4,1,7.97
12827,9,5,2,4.3
12356,49,43,2,11.91
14472,51,49,7,1.72
12481,51,50,8,6.42
16767,48,41,7,6.28
13384,28,21,7,6.74
15133,46,25,2,8.47
16536,19,1,1,2.5
15367,42,31,3,4.92
17330,12,6,1,15.16
16979,45,42,6,5.21
13049,48,36,1,11.73
17655,46,44,7,7.27
13447,8,2,1,4.65
17615,35,14,2,5.89
16764,23,20,12,0.99
14508,16,10,1,1.21
16146,36,11,2,6.33
18035,9,1,1,3.45
17760,6,2,1,2.88
13408,51,49,34,14.34
13345,44,2,1,4.56
18008,48,35,5,17.63
13812,18,9,2,3.74
14548,48,24,1,40.8
18087,46,29,3,155.05
17964,7,3,1,1.13
16235,50,41,4,4.56
14541,48,37,5,3.29
14001,36,32,3,12.85
13460,10,3,1,2.7
17026,29,25,1,9.68
16358,29,26,3,4.61
18177,39,32,4,4.56
15031,43,40,3,1.5
18219,45,43,8,4.61
13050,49,48,22,3.55
15117,34,29,3,4.85
15889,25,21,1,1.2
12808,29,26,2,4.32
18150,32,25,2,3.83
18040,38,32,1,4.7
16770,48,46,4,1.36
15862,32,28,2,1.42
13629,51,45,10,33.02
16726,45,43,3,1.87
15218,48,44,8,8.67
16880,30,23,5,2.13
12598,43,39,7,5.72
14645,42,17,1,4.98
15012,10,6,1,0.83
17736,19,15,3,4.01
17528,13,10,7,3.57
13752,38,17,4,3.9
17221,8,4,1,1.33
18077,48,46,10,2.9
15038,38,34,6,1.4
13496,4,2,1,4.78
13657,32,28,1,5.97
17913,11,9,1,1.74
14209,50,46,6,5.91
14931,37,34,4,9.23
15394,32,30,3,6.42
17900,30,4,1,4.76
17669,38,29,6,12.52
14818,39,26,2,3.43
16218,39,35,6,8.65
14880,44,30,2,3.76
12925,13,10,1,3.86
12630,9,5,1,4.96
13008,49,47,1,4.67
14551,32,27,1,4.66
17777,17,11,2,0.86
15110,48,42,6,6.39
12815,31,7,1,5.66
13305,45,42,9,6.18
18265,25,12,1,4.36
18237,22,19,4,4.05
13418,39,37,13,5.1
17043,41,34,3,4.25
18211,43,37,4,3.57
16341,32,26,4,5.91
15469,20,11,3,5.3
13136,33,30,6,4.8
13792,44,32,1,3.76
14311,37,2,1,3.62
17323,45,40,6,1.14
17384,34,28,1,5.61
17630,36,9,1,4.84
13381,45,39,6,5.28
15106,41,36,6,3.52
14620,43,11,1,3.6
13827,23,12,2,1.11
13767,51,49,30,10.96
15505,25,15,6,9.41
13026,42,39,6,5.9
15834,42,38,4,2.16
13157,45,35,4,4.95
15632,42,37,9,4.84
18092,50,49,8,25.2
17898,32,17,1,1.36
16891,23,20,4,1
15953,50,46,7,4.09
15885,47,31,1,5.27
14970,48,35,3,11.71
17358,46,44,1,1.55
15473,11,6,2,37.09
15443,49,46,7,2.12
14680,51,49,14,23.89
16728,41,32,3,0.98
17932,33,26,2,3.7
14930,42,24,1,4.63
13369,3,2,1,4.64
14359,15,9,3,4.06
15023,49,46,10,3.04
18245,47,45,5,3.71
14099,50,49,10,3.09
17850,46,42,1,4.4
17779,23,17,2,2.01
17663,44,38,7,5.05
16933,37,34,2,3.04
17152,40,9,1,29.3
12766,51,48,5,5.64
13510,29,26,4,3.84
16395,50,39,4,1.77
16584,39,25,2,7.78
16031,38,22,1,1.37
16460,14,7,2,1.51
15750,43,40,5,2.1
13558,13,9,3,0.86
16859,40,22,2,3.55
16085,49,43,4,1.47
17254,5,2,1,0.61
14777,3,1,1,1.45
13077,44,41,1,1.63
15898,41,38,3,4
14788,7,3,1,5.66
17189,18,16,1,1.58
17083,46,28,2,6.76
16449,43,13,2,4.31
16824,26,21,1,4.43
12364,19,15,3,3.86
17796,51,47,3,2.13
15416,43,31,4,5.17
14505,51,48,7,1.87
15384,27,25,2,3.77
14147,44,34,2,20.77
18257,45,37,9,4.9
13091,7,1,1,3.87
14164,14,1,1,14.07
17674,13,10,1,5.1
14780,14,3,1,4.15
17334,47,1,1,6.41
18064,36,14,1,29.07
16062,37,34,3,4.51
15533,16,10,2,2.52
18223,49,48,18,5.56
14561,29,15,2,3.92
16029,51,50,33,101.33
13814,22,11,2,6.88
17164,42,35,5,4.26
17231,49,47,9,1.47
13224,24,13,1,4.96
12759,42,32,2,4.03
15572,43,40,4,2.97
12410,47,1,1,6.3
17162,46,39,6,4.1
12724,50,46,3,4.87
16722,44,42,13,5.21
13900,40,11,2,4.31
14236,14,10,1,8.18
16700,48,45,16,4.1
17017,44,42,15,8.22
16904,49,46,12,1.32
12612,13,2,1,9.1
15654,7,3,1,10.98
18078,40,6,1,2.9
16143,46,45,6,5.15
13078,50,48,26,8.44
14987,5,2,1,20.4
14898,49,47,7,2.9
12931,46,44,11,124.14
17591,48,45,6,3.35
15671,41,36,6,8.27
17870,22,19,7,1.7
17892,25,14,1,2.18
14897,45,41,3,6.21
12822,15,2,1,5.21
17440,38,14,3,6.12
16298,29,23,2,5.54
13564,23,22,2,8.38
18217,13,6,1,5.01
12379,27,13,2,5.21
12518,19,16,4,4.15
14129,40,37,3,5.4
17548,36,32,2,5.12
17088,39,32,3,4.33
16036,40,25,1,3.45
16407,47,42,8,3.09
16550,36,33,5,2.23
12571,20,12,1,3.82
12633,44,33,4,5.31
17243,51,49,21,5.36
16624,31,17,1,4.22
16172,37,21,3,4.13
15948,9,5,1,3.98
12388,49,44,5,6.95
14690,24,15,1,1.78
16399,36,30,1,1.4
15308,42,1,1,3.79
17374,43,9,1,4.43
12493,31,5,2,4.9
16923,51,48,16,2.81
13668,51,48,19,3.25
17214,47,45,5,2.77
16438,15,11,4,1.51
13928,22,18,3,4.3
12620,32,27,2,3.64
13563,23,8,1,3.97
13230,49,46,11,1.16
16441,44,32,1,3.97
17764,33,23,1,2.73
13364,13,1,1,3.37
16788,39,19,1,0.96
15484,14,11,4,4.8
14912,38,33,1,7.98
14146,48,46,4,5.54
15079,48,45,3,4.67
14796,48,46,15,1.76
12488,14,10,2,5.9
16414,43,37,1,4.51
17580,47,45,2,1.2
17799,49,47,8,1.88
16690,32,23,2,4.66
13362,44,41,4,4.58
13755,12,9,6,1.58
14071,41,38,7,1.18
17339,16,13,1,6.76
12627,23,19,5,4.87
12957,51,48,9,4.16
13662,40,25,6,3.95
13083,14,11,1,4.22
17320,37,34,2,4.11
13614,50,44,3,2
12703,13,1,1,3.32
17711,44,40,1,4.19
16750,36,27,4,1.64
15005,51,49,26,1.39
12449,30,24,3,5.32
17725,41,36,10,4.43
13350,14,9,2,6.09
14682,32,2,1,6.5
15679,29,23,3,1.78
15406,46,41,3,2.56
12464,47,43,6,10.45
14748,50,47,4,4.13
13327,45,42,7,8.34
12845,44,3,1,3.28
14553,51,45,3,1.9
12758,42,23,1,7.19
15756,38,26,3,0.69
13599,51,49,19,5
15220,43,33,6,3.78
16852,28,24,1,4.03
12577,8,6,1,1.22
13704,15,11,7,4.3
13606,47,40,2,1.63
16898,28,25,2,0.88
13569,5,2,1,1.1
17667,45,33,3,4.39
17232,5,2,1,2.93
12728,50,37,3,4.55
16059,50,47,5,2.03
14189,51,48,18,4.25
17912,47,45,2,2.04
16161,50,48,16,2.89
16709,43,28,3,9.59
17758,39,33,5,2.1
16710,42,40,8,1.54
16239,30,19,2,5.42
13525,38,33,1,26.2
14127,47,27,2,4.03
15821,12,3,1,2.3
17604,47,13,1,1.23
17096,40,36,6,5.06
16426,42,39,6,1.28
17252,29,10,1,1.02
14506,43,39,4,1.59
18202,47,16,1,5.14
15910,48,45,7,1.15
15201,38,24,7,3.98
16163,36,33,2,45.41
14116,20,14,4,4.8
13479,36,5,1,4.86
14442,48,45,4,6.01
13014,43,40,13,7.19
17450,50,47,23,143.6
17139,44,39,10,5.52
16376,5,1,1,1.95
15392,15,13,3,4.57
17747,19,2,1,9.77
16302,21,3,1,5.28
15366,14,12,1,3.42
15606,49,38,9,9.39
13590,46,42,6,5.58
16931,49,47,18,1.28
13978,9,4,1,3.28
15373,51,49,10,4.78
13750,51,41,4,17.16
14761,51,40,1,5.82
17696,51,48,12,4.7
12779,49,45,9,6.44
15030,41,28,1,18.51
14859,32,27,3,5.74
13159,19,15,3,3.07
13925,22,14,4,4.11
17990,37,36,2,5.44
17131,14,10,3,4.6
16210,49,47,13,42.86
16368,7,4,1,1.64
13208,47,36,4,2.07
13169,39,27,1,13.71
15512,25,23,1,4.32
13971,44,40,7,4.45
15033,50,47,9,1.27
14299,51,50,12,7.83
14673,8,5,3,5.87
18229,50,47,18,11.09
13069,51,49,18,2.74
15714,14,10,1,2.36
17409,38,9,1,14.84
15298,51,48,9,7.51
14623,36,29,4,1.68
15381,41,8,1,18.65
14243,48,46,12,4.46
14701,48,44,6,1.87
13871,47,41,12,4.75
12716,22,19,1,3.82
17436,35,32,1,6.01
16398,39,16,3,5.18
16083,17,15,1,10.63
13969,49,46,15,3.6
14262,37,33,7,4.58
15839,24,18,4,4.14
13727,8,1,1,4.17
13427,34,28,2,5.02
13999,49,47,13,4.64
14050,18,11,1,3.46
15768,35,16,2,5.91
16033,51,49,16,1.93
14907,24,22,6,5.24
13799,45,26,1,4.42
16589,26,13,2,3.48
12823,45,32,4,87.98
14226,41,34,4,7.75
16838,44,13,2,5.72
13883,49,46,6,4.53
17063,44,40,7,4.58
14388,43,40,7,4.26
13756,32,30,10,9.15
13758,51,48,5,6.82
18016,48,45,4,3.02
12714,45,41,4,4.55
15124,30,24,1,3.07
12371,11,2,1,7.49
13870,44,41,7,5.91
13198,48,46,6,3.73
12778,47,41,5,4.12
14913,42,40,3,3.53
12829,51,49,2,6.94
15288,41,38,4,6.55
13647,36,32,4,5.27
17115,36,32,4,5.05
15993,9,5,4,1.27
17290,5,2,1,1.29
16308,40,32,3,160
15467,25,21,2,2.54
13930,22,11,1,4.96
15297,12,8,3,3.96
16079,9,4,2,16.1
15489,33,27,3,5.36
17816,41,38,3,0.54
16817,42,40,8,4.64
17507,47,7,1,1.72
14251,11,8,3,9.23
12695,33,29,3,5.39
16638,50,48,10,4.43
17262,40,37,3,26.11
16759,7,3,1,4.69
15291,50,48,15,10.87
14636,41,33,1,5.45
15706,19,8,4,4.74
14765,28,21,2,1.63
12856,12,8,6,1.73
17802,29,25,2,2.24
13502,49,44,2,4.06
15032,39,36,1,24.79
14784,49,42,1,4.83
16642,32,29,1,4.98
17228,47,44,7,2.29
16156,47,43,9,5.79
14572,49,46,6,2.62
16607,46,44,12,5.25
15822,3,1,1,6.71
15847,44,36,1,4.42
16440,33,29,4,3.23
15065,44,36,5,5.03
17724,23,12,3,5.95
12397,22,14,1,4.78
13929,49,22,1,22.06
16808,42,25,1,3.14
17659,45,43,12,4.73
12876,31,20,1,6.52
12784,5,1,1,2.43
13058,24,18,2,8.48
13246,50,45,5,3.59
14321,50,46,4,3.11
12739,17,3,1,6.66
13196,40,36,2,4.09
14959,45,34,4,2.89
16374,40,28,1,1.07
13816,12,6,2,4.46
13865,44,33,3,4.18
12646,10,7,1,7.48
17134,41,23,1,4.43
13762,34,2,1,10.95
13174,48,44,2,2.24
14491,28,24,1,5.01
12674,32,28,5,5.55
15830,8,1,1,3.68
12748,51,50,43,2.07
17929,47,43,4,35.48
17364,50,47,10,2.72
15122,45,30,4,4.76
13043,42,3,1,10.02
15088,12,6,2,4.92
14412,13,5,2,4.33
15121,44,34,1,4.09
16321,49,36,2,8.07
17288,49,47,6,2.5
12610,21,15,4,4.82
14498,29,27,4,2.54
13901,48,35,4,4.81
13035,40,29,2,7.98
18277,48,37,1,3.42
14798,47,37,2,3.62
12454,11,1,1,58.81
14078,43,39,5,4.04
16205,28,21,3,1.94
17512,46,39,9,6.91
14223,41,25,3,4.13
18061,49,46,9,11.52
14286,37,31,4,4.09
13822,9,5,1,1.65
16365,39,37,7,7.55
16906,38,24,3,1.56
12816,28,12,1,4.93
15867,50,49,13,2.07
14544,6,4,1,4.44
17651,28,24,9,4.19
17340,37,36,10,7.56
14916,49,36,4,4.03
16555,18,10,1,4.2
17351,42,34,2,5.44
16919,38,36,10,1.99
17144,15,12,1,5.13
15299,46,42,7,108.89
12811,43,3,1,4.15
15500,14,10,3,4.16
14609,45,32,3,37.6
17480,14,1,1,4.17
17227,39,36,5,5
17368,51,45,7,4.84
17735,48,45,16,4.75
12781,43,37,3,7.88
16112,51,28,3,3.06
14595,48,42,4,4.27
12753,51,48,8,23.73
15838,47,44,13,50.2
15932,44,41,9,5.31
14005,34,30,4,8.56
15182,41,16,1,5.37
18276,9,3,1,5.44
15729,33,2,1,4.5
17311,48,34,1,6.29
14626,36,32,6,5.61
16256,41,1,1,13.79
15712,44,40,4,5.06
18204,30,17,2,2.49
13167,23,18,3,3.04
13692,37,31,4,6.86
13055,33,21,2,3.93
13212,12,8,2,1.39
16686,46,44,6,1.31
13211,16,14,2,5.35
16940,44,34,2,2.5
18210,41,38,5,4.89
18127,22,16,1,1.85
12669,39,15,2,9.51
12380,29,23,4,6.5
15351,14,10,5,2.21
16875,51,39,5,4.41
17940,46,36,10,67.71
14029,23,11,1,7.79
14309,49,47,9,4.85
17695,27,5,1,5.47
16855,9,3,1,4.32
16546,44,40,1,13.47
16841,44,36,6,4.2
16983,49,45,7,3.26
15687,50,46,7,4.47
16618,49,42,4,6.87
13593,51,33,4,4.04
15211,11,8,1,4.3
14820,28,22,3,4.37
17348,45,40,4,1.35
13673,7,2,1,1.53
15754,38,28,2,3.98
15675,43,29,2,3.85
16225,42,33,3,2.05
13846,38,36,3,3.8
12721,46,45,6,4.09
15545,11,7,1,0.9
17921,41,29,3,1.43
17194,42,40,1,2.26
18176,2,1,1,3.82
14868,36,33,6,5.05
13209,49,47,7,4.53
17644,49,46,12,4.47
13309,47,43,4,3.4
16877,33,28,5,1.34
17581,50,49,14,6.28
17229,23,6,1,1.7
14731,33,23,2,2.11
16157,13,8,3,8.8
14002,25,3,1,2.82
14277,33,28,2,4.91
12685,16,9,4,4.56
13815,48,42,3,5.71
17975,51,49,12,3.86
13434,17,4,1,13.36
14639,44,42,4,4.31
15522,15,8,1,1.75
16581,29,4,1,3.21
14235,40,36,4,9.99
14179,10,1,1,1.09
16873,38,37,8,6.21
13742,49,44,10,2.45
17272,40,31,2,4.64
17954,50,47,9,1.21
16324,28,7,1,0.91
14621,30,28,5,4.72
12693,48,28,5,5.37
16872,29,15,2,24.29
13217,25,5,3,33.37
15864,48,42,6,21.9
14517,23,15,1,4.59
16804,41,35,1,2.24
16188,37,28,3,3.66
17375,47,45,3,1.51
17646,43,40,3,4.73
15436,36,31,2,0.85
12604,40,26,1,3.97
13089,51,50,45,8.11
15555,37,35,14,1.31
13147,17,13,3,44.55
13258,32,28,2,4.6
12897,46,14,1,13.53
13455,50,47,3,5.23
16354,13,1,1,2.54
13021,46,44,9,4.94
14053,26,5,1,16.27
14162,45,17,1,2.89
17163,14,8,1,14.66
16320,33,6,1,4.64
18172,45,40,16,9.69
13491,50,48,9,3.53
17284,51,40,5,1.41
15456,43,41,1,1.86
14529,19,8,2,0.68
14456,23,19,7,0.79
18239,49,45,4,4.44
18158,15,11,1,3.25
15643,43,15,3,4.73
15596,49,46,8,4.37
12619,39,34,10,10.7
16478,12,6,1,4.87
15836,10,1,1,3.28
17642,28,8,1,4.45
14161,43,39,2,2.57
15955,38,34,10,6
17723,33,12,5,81.91
13972,32,19,1,3.17
16652,42,32,6,14.01
17841,51,49,49,1.3
13158,48,32,3,3.8
16672,41,38,18,17.47
15807,14,4,1,4.71
15660,43,40,7,4.39
18005,10,7,1,1.04
16045,44,24,3,4.04
12985,7,4,1,4.05
15952,35,27,3,2.22
18198,51,48,19,8.69
13280,51,31,2,2.4
17410,34,29,4,4.75
12557,50,46,4,90.84
14740,43,13,3,3.96
17237,6,2,1,4.14
13141,48,33,4,4.4
13854,50,49,26,17.97
13018,45,40,19,3.97
13933,24,6,1,6.62
13492,33,11,2,6.35
17516,44,39,3,1.4
13555,32,19,1,7.63
12820,49,46,3,3.99
15624,39,20,3,4.32
14293,46,43,2,4.29
14790,39,34,3,4.05
12908,47,36,2,78.38
14092,49,48,12,4.71
14016,41,39,4,6.72
16160,15,3,2,11.83
16810,30,28,1,5.37
14583,32,28,4,0.8
14948,34,28,6,4.44
14221,51,42,7,4.43
12798,27,23,2,218.03
12590,33,3,1,35.24
15819,42,32,3,3.87
16943,48,15,2,6.19
13573,39,29,1,2.83
16748,51,46,4,5.49
14323,37,18,3,3.88
13754,48,24,1,5.89
12468,48,25,2,4.59
15730,32,20,2,3.88
13037,39,16,2,4.59
15565,13,3,1,5.41
13023,21,9,1,4.31
17648,38,27,3,4.91
13565,51,45,1,1.58
14692,49,27,4,2.18
16523,48,45,18,8
12524,50,46,7,7.79
17073,18,13,3,2.08
15601,51,49,12,4.11
12809,28,1,1,4.75
13308,32,26,3,6.16
16041,23,16,1,131.93
12949,39,32,5,4.78
14157,44,38,1,2.37
16676,51,43,4,4.42
14009,32,1,1,4.01
15240,47,43,6,5.2
18220,35,1,1,19.55
16602,8,1,1,4.39
16203,50,46,4,4.14
14418,18,15,2,3.91
16008,32,26,2,3.63
14427,12,2,1,5.34
15321,44,34,2,6.71
12413,51,39,3,5.14
14723,9,7,3,1.04
14936,42,38,5,5.57
12656,37,32,7,7.92
18097,51,50,5,6.2
12600,47,45,9,10.07
18144,48,46,9,16.8
14546,38,35,5,1.6
16379,14,11,4,5.01
12852,45,1,1,4.04
16762,23,17,2,4.22
15615,50,48,17,6.08
13813,22,14,4,4.86
13404,33,30,1,5.74
14732,51,47,9,4.56
15912,36,8,1,3.48
16918,48,38,4,2.1
16115,45,41,7,1.47
17788,21,8,1,55.9
18156,5,1,1,1.31
17341,25,22,1,1.07
17404,48,46,13,41.68
14829,29,27,3,4.17
14191,34,31,12,4.48
15745,37,33,5,4.3
13735,36,30,3,3.61
13276,17,5,1,4.92
13851,44,28,2,8.18
17672,47,38,3,7.06
12476,47,45,12,6.71
15483,41,15,1,0.66
15449,40,33,4,3.94
18287,32,23,2,6.56
16212,43,37,1,4.07
16705,51,50,18,12.43
14502,48,42,8,1.03
18196,44,28,1,1.22
17649,23,1,1,4.13
17979,40,32,2,1.32
17442,44,41,9,4.08
16409,48,40,4,2.19
17426,43,40,4,4.64
16712,42,38,8,2.04
14597,30,26,1,4.01
17931,39,17,1,1.57
16889,51,20,2,2.92
15598,10,2,1,3.84
16250,40,36,1,4.06
12437,50,47,14,6.23
15334,28,3,2,0.89
13798,51,48,36,21.62
12933,43,37,2,1.42
14592,12,4,2,0.87
17446,47,19,1,3.36
13557,43,36,1,4.29
13292,43,35,1,4.67
14307,49,45,4,4.16
13637,35,25,2,2.01
12681,51,50,23,5.38
17920,48,45,13,1.51
14267,40,16,5,6.64
16037,46,44,2,5.48
14312,51,42,5,4.63
13294,38,8,1,4.05
16293,41,38,7,4.71
12642,18,12,2,5.39
13165,9,8,1,6.08
13068,48,44,1,43
13352,11,7,1,3.77
12939,51,39,5,61.61
13323,15,12,4,9.38
13744,45,29,1,4.02
15951,44,41,2,4.34
13649,39,36,1,3.77
18142,34,10,3,14.22
14910,11,8,4,3.42
14081,46,42,2,1.55
17082,48,40,1,6.18
16836,19,11,1,5.72
15109,38,1,1,4.08
14421,33,22,1,7.53
17037,15,1,1,4.16
13402,21,17,1,3.98
14215,50,47,5,4.13
16330,19,14,1,1.6
17612,45,35,8,3.7
12643,50,29,4,34.84
12883,16,10,1,4.19
17360,29,24,1,1.11
13989,37,25,1,7.72
13359,12,1,1,4.67
14577,36,33,3,1.75
17858,49,47,10,6.48
14138,12,9,1,5.23
15281,50,39,11,4.04
17472,46,16,2,0.98
15804,31,28,13,4.16
12683,51,48,11,6.03
17838,45,42,4,5.92
13495,36,34,4,10.09
15605,44,40,4,4.47
13725,47,37,9,4.56
14346,45,25,1,4.26
12878,41,36,2,4.43
16003,26,24,3,6.64
13658,32,28,4,6.38
13032,15,7,2,3.41
12952,14,10,3,4.35
12484,51,44,7,3.28
15813,37,5,1,8.15
13538,48,39,6,12.81
15139,51,14,1,3.44
12528,47,43,6,5.12
15874,43,31,5,8.18
12886,34,22,2,4.09
14883,33,28,5,3.55
16186,37,33,10,4.59
15787,12,5,1,1.15
18236,37,30,5,4.5
15235,51,50,8,3.93
13837,48,15,1,3.57
13137,47,43,7,1.31
17315,51,49,31,3.28
15589,47,8,1,4.17
14379,45,36,1,1.89
12906,14,10,1,11.59
13467,8,4,1,2.74
16790,8,5,4,4.13
13985,41,38,13,5.03
15246,37,35,1,3.9
13867,34,27,2,4.16
16139,32,27,2,5.12
14250,16,12,1,4.29
14024,21,1,1,5.12
14511,22,18,4,4.8
18073,31,12,7,12.8
16713,46,45,16,2.77
14320,50,18,2,3.65
17733,40,32,1,4.94
17105,47,21,1,1.85
17250,40,37,1,1.69
14911,51,50,47,6.57
12673,49,45,1,3.63
14819,30,18,1,5.23
13005,38,10,1,4.81
16689,15,1,1,8.47
12747,49,47,10,10.18
17631,36,33,2,3.39
16488,24,16,3,4.08
16241,51,47,10,0.98
12924,50,35,4,7.56
15315,19,7,2,3.88
17854,35,6,1,5.19
13763,27,15,2,25.6
15144,47,43,12,7.6
12412,27,14,2,5.03
15622,43,40,11,4.9
16332,46,39,6,2.6
17961,50,49,27,1.3
16825,29,21,1,6.92
18065,44,42,6,4.36
12547,43,12,1,6.49
14869,18,15,2,2.53
15009,6,1,1,1.73
18072,29,4,1,3.44
17489,33,22,1,3.25
17004,16,7,1,8.03
17491,49,46,8,8.13
12498,11,5,1,4.39
14741,26,24,4,5.93
17731,29,15,3,4.83
14625,31,29,3,4.17
16444,41,32,3,1.95
17321,12,8,1,1.64
16102,21,12,2,8.08
16206,50,39,3,2.13
15854,50,48,9,5.31
15258,34,7,1,4.58
15421,47,36,2,4.48
16474,24,20,6,1.31
15376,35,26,2,2.64
17092,42,32,3,3.56
14655,35,32,4,9.67
15289,38,31,2,4
12527,49,35,2,4.84
16462,43,31,3,10.63
14449,38,34,3,0.88
17266,24,21,1,0.97
17158,36,34,2,4.73
15150,41,36,9,3.87
14220,38,36,1,7.53
16809,40,34,4,1.53
14432,16,12,5,1.48
12754,47,11,2,11.82
17180,48,37,2,1.55
15780,37,35,2,4.1
13611,27,25,3,3.9
16322,8,5,1,2.21
16696,38,16,3,16.45
14493,25,21,5,4.89
17287,39,36,6,2.15
17048,50,31,5,5.14
17562,28,23,7,4.44
12399,40,20,3,4.7
14593,31,25,1,1.02
16927,42,40,2,22.63
16013,51,49,25,67.71
12451,49,45,5,6.43
12680,19,16,3,4.15
16755,48,29,2,2.14
16878,15,9,1,1.11
17211,41,40,7,2.74
14344,42,40,6,3.13
13284,50,1,1,3.68
14049,48,43,3,2.83
12516,29,15,1,12.62
12664,49,45,8,32.24
15573,15,8,1,1.46
16049,14,5,1,0.89
15569,50,32,2,11.09
17988,49,45,4,1.35
13817,7,6,1,3.99
15976,34,8,1,1.1
16744,28,24,6,1.35
12971,51,50,43,9.29
15574,28,26,2,1.05
15274,5,2,1,3.81
14712,19,12,2,9.17
15793,41,37,3,18.89
17337,47,23,3,0.96
12444,27,21,4,7.07
12991,19,13,1,4.06
14744,48,45,7,9.92
17521,31,25,3,3.94
12916,49,26,3,6.95
16572,42,21,3,4.39
16596,5,2,1,5.21
16861,25,22,2,6.12
13623,45,38,4,2.39
16386,39,32,1,0.9
13285,44,38,3,3.62
17389,51,48,27,36.12
15727,50,48,6,4.29
14289,44,40,5,4.85
14377,40,10,1,14.02
17809,46,42,8,24.2
17044,6,4,2,24.99
16283,33,29,4,2.4
13601,33,24,1,1.75
17837,26,17,6,2.36
15655,38,2,1,4.12
14420,17,2,1,3.24
15738,49,46,17,6.87
15296,49,40,7,4.67
14779,49,6,1,2.35
13329,7,6,3,11.02
16706,19,11,2,1.08
14770,49,13,1,4.21
13225,51,49,7,50.33
15429,14,7,1,1.29
16999,13,7,1,5.27
15535,50,48,4,1.96
13544,37,29,1,0.84
14245,40,12,4,3.82
14030,46,43,5,2.43
15827,48,44,15,3.79
13313,51,45,4,4.99
14284,15,8,2,4.5
15983,6,4,3,3.26
17677,49,47,23,12.86
15973,51,48,2,21.49
17969,27,25,1,4.08
17926,32,10,1,4.73
14437,23,20,1,7.06
17265,29,6,1,1.11
15270,47,42,5,12.82
16968,18,15,1,3.54
12384,20,13,2,5.04
15497,48,43,2,19.76
14064,42,35,5,4.63
17588,36,19,2,13.48
14332,24,18,2,8.33
17353,25,4,1,54.38
14410,46,41,6,1.42
14044,47,40,3,0.78
16189,15,10,1,4.9
14501,48,36,2,6.5
15116,32,27,3,7.52
13220,37,23,3,9.75
14101,49,36,5,42.69
14367,42,38,12,4.39
17955,34,3,1,7.33
16455,39,37,5,4.65
14056,43,40,21,1.84
14733,50,49,12,11.25
16839,51,47,30,14.96
15062,43,41,3,4.33
16175,37,21,3,4.47
16774,28,16,4,3.41
16684,47,46,15,59.98
15332,4,1,1,11.86
15855,40,18,4,2.23
13139,40,35,6,7.29
16012,25,17,2,3.76
15370,50,41,7,6.35
12705,38,36,10,4.97
16553,46,44,7,16.79
13523,31,28,4,5.9
14062,49,48,9,23.57
12865,20,18,2,4.14
18147,18,9,1,6.41
16326,51,47,12,2.45
12582,44,7,1,5.81
15071,42,26,1,9.44
17737,11,7,1,4.21
16352,8,3,1,4.41
14720,21,17,2,4.49
13081,51,48,14,6.76
14644,45,41,3,7.6
17584,21,17,1,8.73
13416,14,5,1,9.38
15841,51,39,5,6.2
17312,26,3,2,11.51
17813,13,8,4,1.21
15051,24,18,2,2.43
16150,51,47,7,4.04
16969,30,22,2,3.87
14961,51,49,10,5.59
13038,44,30,2,8.11
15485,51,47,2,7.49
15203,47,41,5,3.22
16243,11,3,1,2.01
12731,47,44,11,17.15
14096,17,14,14,3.57
15345,9,1,1,4.56
15363,37,33,1,4.91
14287,31,27,2,4.59
14808,27,19,4,3.23
15440,33,22,2,1.55
15563,31,29,3,3.16
13685,11,8,3,20
15267,29,23,4,39.03
18170,34,26,2,6.45
17811,50,47,34,2.29
13811,37,8,2,18.52
15108,35,12,3,5.36
13477,44,36,7,4.53
17345,31,26,2,1.55
17097,49,46,4,1.14
12895,15,6,2,4.15
16134,6,5,2,4.16
13644,18,14,4,4.48
15636,43,27,1,7.25
13426,51,49,10,5.87
14292,49,45,8,11.4
16698,39,4,1,99.9
14565,32,30,3,6.06
12709,48,46,20,9.9
18102,46,43,19,151.78
15532,27,25,3,1.56
14035,45,38,4,5.41
18252,27,17,1,1.34
12797,3,1,1,4.62
17819,45,42,6,19.13
17242,29,11,1,7.09
16775,50,47,9,2.68
14112,42,36,8,4.42
16928,49,45,16,3.42
17101,28,24,3,9.65
13549,37,31,7,4.42
13983,49,46,10,5.84
13000,40,37,2,4.31
12921,51,48,23,5.66
18259,15,12,2,13.92
18173,42,27,3,16.99
12749,33,30,6,4.67
15518,50,38,8,2.24
14538,39,27,1,5.11
15719,51,44,13,1.35
14088,49,45,11,21.43
13531,32,29,1,5.5
15014,28,19,1,1.86
13895,26,20,4,5.46
18059,12,8,3,3.76
13993,50,43,11,7.05
13575,28,22,4,3.98
17033,33,31,2,9.2
14257,48,38,5,7.27
15865,33,24,2,5.59
14210,51,47,6,4.64
12875,23,20,1,42.9
13279,14,2,1,3.39
12583,51,48,15,7.35
15034,51,50,7,2.71
16419,47,28,4,4.74
17739,50,48,7,14.57
15199,47,36,3,24.4
16882,48,36,2,4.52
15252,29,21,1,4.21
12432,27,18,1,11.71
13489,45,27,3,8.03
14681,33,20,1,17.82
14853,33,29,2,12.21
15701,19,16,2,1.63
15506,23,17,2,1.49
15223,38,3,1,8.25
15811,45,43,7,4.08
15582,34,28,2,3.88
15245,40,18,2,7.07
14113,48,47,6,14.39
17135,44,40,4,5.48
12421,48,43,3,4.39
17398,39,20,2,4.3
14354,7,3,1,4.55
17618,38,35,2,3.11
15186,27,22,1,5.41
14132,29,26,11,4.47
15393,43,38,1,4.83
15764,42,28,6,4.41
12408,40,33,5,6.49
12414,47,13,2,7.81
14841,44,42,5,5.97
null,51,50,50,3.82
17457,51,30,4,22.86
14998,37,10,1,1.43
14350,42,1,1,3.66
17790,46,44,10,2.59
18171,50,39,6,5.6
15587,23,22,3,25.38
16458,46,44,17,4.31
13743,40,37,7,7.99
13316,39,31,3,17.44
16668,43,38,5,3.83
16214,41,14,2,6.04
12461,25,9,1,5.91
13533,41,12,1,0.89
15963,9,3,1,4.2
16907,44,41,4,1.63
14338,31,6,3,4.58
15128,34,23,6,3.43
13314,13,10,3,3.24
16745,47,32,15,5.04
12871,32,17,1,8.65
14396,12,8,1,1.67
17609,50,41,3,1.18
17560,47,31,4,7.92
12654,45,41,3,3.96
17759,27,22,1,2.2
16098,45,41,6,7.48
15626,50,37,1,3.45
14234,11,5,3,1.22
14882,8,1,1,13.4
14896,32,29,1,2.73
12593,34,16,2,4.98
17634,51,43,7,1.99
13047,51,47,12,4.33
17705,46,43,9,4.32
15057,48,6,1,14.9
12919,27,23,7,6.58
13761,28,18,1,3.82
12879,16,7,2,12.37
16655,50,45,5,3.63
13242,33,14,1,5.2
17571,45,35,3,1.25
13652,39,36,2,4.35
15066,10,3,1,4.84
13029,23,22,2,31.19
15113,11,7,2,9.35
17572,37,33,3,4.72
13982,49,46,3,4.09
12981,22,15,1,4.65
15797,48,29,3,68.98
17722,49,47,5,5.14
14006,47,28,2,8.02
17080,41,35,1,8.05
17362,47,10,1,2.23
14004,44,35,6,6.7
14649,33,30,2,1.78
16910,16,13,6,0.69
13908,42,28,3,4.75
13466,29,12,1,4.41
14152,36,22,1,3.16
17594,39,24,1,4.97
13791,27,18,2,29.18
14522,31,25,3,14.33
14533,19,18,6,8.03
13094,51,48,12,17.88
14145,34,25,3,90.34
18121,25,1,1,5.26
12929,47,27,1,3.63
17636,6,2,1,3.18
15379,51,49,6,4.81
13955,46,21,1,2.45
17888,48,46,8,2.86
18246,36,30,1,37.26
13810,11,4,1,14.57
17703,23,15,2,3.63
17095,51,45,4,5.07
13772,37,29,2,1.6
13452,41,1,1,73.75
14034,25,19,1,2.15
16929,25,22,6,4.21
15649,51,48,1,102
14108,17,10,2,4.3
12457,37,26,6,10.33
12423,44,43,7,3.71
17691,3,1,1,3.82
17314,47,41,8,4.67
14800,51,48,11,2.83
17873,43,39,4,10.62
13016,20,7,1,4.2
14038,32,18,3,4.21
15410,40,25,6,7.07
16297,41,8,2,3.57
13856,32,5,3,6.08
13097,51,49,9,3.51
12836,47,36,3,3.73
16592,44,41,11,4.68
13869,48,46,3,2.53
14499,43,36,2,1.05
17781,39,13,1,3.92
18081,22,14,2,5.05
15530,38,32,3,3.48
16653,13,8,2,4.14
16781,4,1,1,4.31
17666,12,9,1,10.11
15329,27,24,3,4.41
12839,44,42,13,4.43
14414,22,20,5,3.85
13134,37,24,4,4.4
17282,46,25,2,4.53
16771,51,43,4,2.2
18001,15,10,1,1.8
16992,47,43,5,4.28
15232,23,4,1,4.94
18274,7,2,1,4
15028,9,6,2,3.27
14567,21,13,2,11.3
13118,44,38,3,3.87
13939,47,41,2,3.15
16221,42,39,2,2.23
16011,47,44,14,3.97
12544,8,1,1,4.87
15618,22,15,3,4.12
13429,14,10,3,3.76
16779,51,48,17,7.85
18094,44,30,4,10.78
17031,25,21,1,4.32
18149,42,32,2,9.56
14803,45,19,2,4.8
14947,21,8,1,5.19
13700,50,43,6,2.87
13627,32,30,5,4.4
14125,14,10,2,4.1
13499,41,36,6,6.51
12553,50,46,10,4.76
18079,37,28,2,7.19
12987,31,18,2,4.77
12678,43,42,9,26.45
15453,30,27,6,1.21
12763,23,19,1,6.86
15949,13,8,1,4.8
17109,36,29,3,1.86
13048,50,45,3,3.4
12479,4,1,1,4.12
17769,49,44,7,3.22
15414,37,33,2,4.97
15664,10,8,1,5.45
17293,47,45,7,3.47
16957,43,6,1,6.51
13320,33,20,3,3.65
17690,49,46,12,4.62
14702,51,48,14,2.39
12359,50,46,5,6.4
13672,50,4,1,6.94
16357,33,25,2,4.84
13719,36,31,4,4.34
15579,48,35,1,1.71
17173,22,18,6,10.86
14672,51,15,1,3.14
16711,46,44,4,18.76
15620,34,32,5,3.8
14295,50,41,1,6.35
16034,50,19,2,4.97
13186,21,13,3,4.8
17035,47,9,2,3.74
14520,44,41,1,16.91
13370,4,1,1,4.48
17848,50,48,8,4.42
16306,51,48,4,3.76
14607,40,35,3,47.8
17800,51,43,7,2.88
14426,51,49,10,4.78
17034,44,39,3,5.91
15089,21,17,5,4.17
14272,39,26,1,3.32
12838,8,4,1,1.39
13780,27,23,1,1.58
14834,37,32,7,6.22
15903,45,41,6,17.09
16010,39,36,2,1.18
16518,43,31,2,2.9
13881,47,44,17,24.07
12947,51,49,9,4.37
13379,22,15,2,1.48
13343,28,1,1,4.58
16633,36,31,5,4.72
14817,42,11,1,4.41
15674,39,26,5,5.83
14048,46,4,1,1.26
13268,41,36,9,1.82
13826,28,3,1,4.26
14794,51,48,7,4.17
17027,48,34,3,1.5
13860,15,12,4,4.06
17461,7,1,1,1.71
16434,46,39,6,3.49
14497,47,1,1,3.98
14159,39,36,10,0.97
17595,8,3,1,1.17
14778,47,26,1,5.22
18112,27,22,1,3.39
14211,45,35,12,4.82
15796,46,43,8,5.1
13882,12,9,5,4.74
17365,50,45,6,2.56
13899,42,37,1,5.11
12676,47,41,5,7.4
14305,22,9,3,4.35
13636,44,36,5,3.74
12541,43,36,2,4.72
16173,17,12,5,4.11
16378,47,9,2,3.95
16107,29,24,6,25.84
14021,39,14,2,7.18
14739,51,48,5,16.01
16892,49,46,4,1.37
14700,37,30,2,4.86
16674,17,6,1,0.82
17530,45,42,7,1.51
15287,13,7,2,5.81
16669,14,8,1,2.14
14057,45,43,13,5.4
13527,49,41,5,2.58
12625,48,15,2,7.56
16725,51,49,5,1.29
15680,9,6,2,4.27
17523,6,2,2,4.95
12637,49,37,6,3.86
16567,51,20,1,6.18
16233,50,48,3,6.51
17090,44,43,7,7.99
16639,36,30,3,6.47
13462,39,10,1,3.99
14503,28,25,4,5.4
14651,33,21,1,1.6
15021,40,37,7,1.02
13090,50,47,13,14.18
17797,29,23,1,1.76
15407,46,38,3,1.73
17719,39,31,14,4.88
12450,28,3,1,6.18
16427,43,3,1,6.7
12628,12,9,3,4.67
15521,39,31,6,4.28
14233,48,39,4,10.26
13885,31,1,1,4.53
13475,45,15,3,4.16
13941,45,41,5,28.26
13505,36,24,7,4.96
12928,37,35,4,6.14
13632,38,32,4,3.61
16503,50,48,3,4.19
17420,27,23,2,4.99
13832,6,1,1,3.97
12940,15,6,3,2.31
14450,49,20,2,3.02
17679,15,5,1,16.6
14837,32,16,3,3.77
14997,28,19,3,5.11
16791,50,43,5,1.35
17708,49,19,1,1.91
13875,46,36,4,4.3
18221,33,27,5,4.04
13207,24,19,1,7.82
12393,50,37,2,6.18
17783,38,25,1,1.06
17754,40,37,4,4.85
16924,15,9,2,2.68
17190,32,21,2,8
14944,45,44,8,8.66
14713,49,47,10,1.96
16232,34,27,3,6.57
17950,13,10,1,1.71
14660,17,2,1,2.38
16094,51,47,4,4.16
15584,26,20,3,1.46
17213,51,50,8,4.3
17613,46,40,10,3.61
12717,38,14,1,4.83
16255,51,48,9,2.4
12530,51,40,4,6.25
15781,46,40,2,4.25
14477,45,39,3,29.8
15164,51,38,2,2.05
16317,45,25,2,4.86
15091,12,2,1,3.91
16648,9,1,1,3.7
12523,50,47,12,4.17
17774,46,29,3,1.97
13994,24,21,5,3.73
17388,44,30,3,20.99
13720,39,20,3,4.65
15093,51,49,8,10.68
16801,42,16,4,4.9
13960,13,7,1,4.8
13745,26,2,1,2.97
17001,48,46,10,5.9
16930,13,6,1,1.76
13782,50,45,5,1.98
16671,26,19,2,70.51
16532,51,46,2,421.8
12362,45,42,11,4.83
17147,47,41,4,5.15
14776,47,37,7,5.38
17890,49,47,1,1.6
17081,9,3,1,1.13
16265,46,43,8,5.26
15260,36,32,5,5.9
18248,29,10,2,4.21
15531,7,3,1,2.2
14496,47,43,1,7.09
14419,39,36,5,1.28
15024,45,42,6,2.68
17463,48,43,5,2.18
13301,45,27,3,1.91
15132,40,35,4,4.7
17637,19,12,1,3.91
15073,29,25,1,4.85
12868,50,46,5,3.75
12597,41,35,4,4.6
13946,41,27,2,12.76
16885,10,8,2,1.17
18096,12,8,2,1.07
15426,40,37,4,1.22
15906,39,33,4,2.67
17014,12,8,2,2.02
12601,50,20,4,5.04
16015,10,7,2,0.98
13040,8,4,1,3.94
17549,10,4,1,6.2
14140,7,4,2,3.54
13497,43,40,1,4.69
16571,43,40,4,3.67
15599,32,25,1,3.66
15918,42,12,1,2.09
17573,16,9,2,3.83
13838,20,16,1,0.99
13524,34,25,4,6.3
16266,32,19,5,3.53
17928,38,29,1,2.31
13730,26,4,1,4.38
12504,7,2,2,14.17
12951,50,46,7,4.18
17071,47,43,11,4.18
16431,45,12,1,1.94
12662,47,44,10,4.18
14871,39,37,3,1.33
12347,48,45,5,5.92
15224,3,1,1,5.21
12882,8,4,1,28.14
16303,50,44,3,8.11
17423,34,25,2,6.55
17029,37,18,1,89.5
16240,14,10,3,6.59
17966,40,32,3,4.04
16383,41,28,1,1.64
17259,24,21,1,1.22
17603,41,31,3,32.58
13422,12,2,1,5.18
14128,39,28,1,3.46
16370,35,20,3,1.45
14193,41,29,1,5.08
15938,49,30,4,5.62
12712,50,47,13,8.01
15882,31,28,1,5.6
14051,48,47,23,18.31
14415,49,47,12,2.45
17444,27,3,1,5.44
13295,4,2,1,4.65
14775,22,18,2,4.22
12980,50,49,10,79.77
12962,19,15,1,4.16
15046,51,47,14,6.48
12589,23,16,1,4.62
17861,48,45,6,2.4
15549,48,34,2,3.73
15061,51,49,25,33.44
16389,43,33,4,10.01
14534,48,45,18,2.16
13236,18,12,2,4.89
12558,4,1,1,6.14
14828,51,20,2,31.47
15894,39,35,1,1.61
17295,12,5,1,2.02
16168,48,44,20,9.61
14730,42,39,6,1
13034,11,7,1,4.34
17119,11,8,2,4.08
18084,46,41,1,11.68
18145,47,42,3,3.24
12857,46,13,1,6.01
14656,43,16,1,0.91
15159,50,48,17,6.5
12462,46,43,3,4.36
17350,10,6,2,4.57
13318,8,5,2,8.01
14040,50,41,10,3.83
12556,24,14,1,1.25
17886,38,31,2,2.06
17519,40,38,6,5.57
12513,19,4,1,4.43
14214,42,35,4,3.6
18123,7,1,1,4.09
15050,13,7,1,5.74
12431,48,46,13,6.83
14297,42,37,4,5.18
13552,48,36,11,8.14
16369,31,26,2,3.29
13655,37,18,1,4.17
15339,48,36,1,1.68
12473,30,23,4,7.02
14451,31,20,1,1.52
14404,50,46,5,3.64
15365,48,42,4,5.46
15984,51,48,7,2.6
16573,44,31,3,3.69
14852,39,28,4,4.96
14618,51,48,2,8.36
14785,5,1,1,6.45
15621,6,3,2,19.82
15465,51,49,18,18.66
15059,51,42,6,1.41
15304,43,40,7,6.81
17179,36,34,2,2.22
17874,39,10,2,3.77
18018,31,13,1,1.05
14470,44,40,1,2.68
15544,46,42,8,3.4
12565,44,1,1,4.02
17238,49,46,13,1.65
14205,41,38,3,4.58
13596,5,1,1,1.05
14195,39,7,2,33.17
17894,47,46,6,1.45
15996,44,41,5,2.05
17025,11,7,1,9.94
16909,13,1,1,5.19
17889,49,16,1,2.43
16278,17,11,2,5.95
14408,41,37,6,6.09
13784,50,46,9,19.86
17652,43,37,14,4.63
14500,30,15,2,12.74
14273,37,27,3,4.83
16327,48,44,5,3.01
12762,6,2,1,6.88
13892,38,31,3,5.86
13456,32,27,6,6.91
16716,47,6,2,123.55
16446,32,29,1,21058.88
14475,46,33,3,5.6
14483,43,19,1,3.63
13654,42,33,4,4.08
16122,50,47,3,4.5
13802,47,45,3,20.05
14823,31,2,1,1.15
13471,10,7,3,2.43
15311,51,50,46,6.23
13509,43,39,6,5.57
15785,45,38,5,6.76
12877,50,48,11,2.49
14657,49,44,3,1.69
17864,42,37,2,1.46
12358,24,21,1,15.37
16552,37,33,1,5.58
14640,35,30,6,4.88
14793,6,3,1,4.06
16719,51,48,6,2.23
17230,51,50,5,13.05
12562,31,27,6,5.63
16842,46,34,3,4.95
14918,25,6,1,8.95
16014,44,36,2,1.13
14403,38,17,4,14.67
13650,41,36,4,4.75
12904,27,22,1,1.77
17515,48,41,3,1.84
17373,47,38,3,2.84
15039,51,49,41,3.32
12567,47,44,8,5.23
16746,50,48,16,3.71
15189,50,47,35,17.94
14524,43,41,5,2.3
16905,40,36,4,3.73
17324,50,47,3,4.95
12909,39,31,6,5.8
15916,50,47,6,2.45
15752,42,38,6,1.61
14662,48,41,3,1.15
13388,22,2,1,5.05
14242,49,13,1,4.38
17884,47,44,2,1.53
17567,45,41,8,6.57
16424,51,21,1,7.69
13884,43,39,3,3.31
13493,44,2,1,19.33
14416,9,3,1,8.75
13911,47,36,8,4.36
17500,7,2,2,56.9
12613,40,33,3,5.32
17787,49,45,3,3.48
16539,34,32,3,7.72
14586,42,7,2,3.15
16464,23,17,2,1.39
15194,51,49,18,5.91
15342,21,2,1,4.04
17812,8,5,2,1.3
13199,51,49,25,20.48
17045,38,19,2,3.86
13917,30,20,1,3.78
17505,32,6,1,5.51
14060,50,48,17,7.57
17965,50,47,12,1.99
14584,31,4,2,2.61
17742,50,31,1,5.92
17069,37,36,7,4.49
14246,38,19,2,4.91
14616,48,11,2,33.84
13707,48,7,1,4.2
16080,42,28,2,5.86
16187,43,36,11,5.88
16495,42,39,1,1.76
13577,37,31,4,5.05
17934,11,1,1,8.38
14854,42,28,6,5.29
16018,29,21,1,3.65
13030,4,1,1,2.02
12395,51,49,13,4.78
18272,38,35,6,4.55
16998,46,22,3,12.62
16634,35,31,1,6.05
15769,51,47,19,103.2
14111,37,32,4,15.84
13680,51,48,2,6.07
17625,40,35,3,1.62
15129,44,34,8,10.26
13748,38,34,3,8.47
14067,17,5,1,1.8
12665,50,1,1,4.02
12428,43,37,9,6.7
15081,33,30,5,3.73
15861,41,36,5,1.52
14915,42,27,2,6.85
16843,50,41,11,6.73
15676,43,39,4,4.11
16499,3,1,1,4.68
13728,47,39,5,4.03
17414,29,20,1,32.42
14659,48,44,8,2.51
15092,43,9,1,4.4
15653,19,3,1,36.56
18228,14,4,2,6.18
13145,21,17,4,22.22
13389,36,32,2,3.91
17236,48,45,5,2.18
12463,37,28,5,3.94
13824,47,40,4,9.23
16364,22,18,1,3.34
13340,42,33,4,20.03
16005,41,36,2,0.71
16966,37,33,7,17.43
16180,39,22,7,14.62
13804,44,37,5,4.81
15757,34,22,1,3.97
15197,50,48,3,10.44
13850,21,6,1,4.27
16362,16,9,4,2.27
13591,41,29,2,4.82
15380,23,20,4,11.47
14360,16,9,2,4.51
16258,34,25,4,9.64
13940,23,18,3,4.28
14550,9,5,1,3.99
15777,48,46,2,12.19
16009,26,20,3,2.76
13233,51,38,1,3.52
13238,26,24,4,5.63
13695,40,33,13,6.96
16611,36,7,1,3.14
16900,12,8,4,4.84
15154,14,1,1,0.96
12787,30,26,2,5.8
15213,50,2,1,3.32
15156,8,5,1,4.37
13450,34,27,5,7.2
12970,49,45,1,0.75
12363,37,19,1,6
12700,34,30,3,4.64
18250,47,1,1,4.04
16170,38,28,6,3.72
13507,24,21,3,3.83
12950,6,3,2,20.03
12995,15,1,1,11.1
17085,46,45,4,2.09
13365,34,30,2,4.28
13283,29,18,1,3.34
17930,37,29,4,11.16
16418,35,26,2,1.66
17428,51,49,20,12.71
15068,39,30,1,1.33
13931,43,28,2,5.27
16309,37,21,2,4.13
16128,43,38,4,5.28
17727,5,1,1,4.02
14107,45,44,7,5.48
17579,28,25,3,2.2
13319,51,50,19,5.51
15022,10,6,2,1.68
15444,9,5,1,1.62
16217,43,7,3,4.59
13115,51,48,9,4.52
16734,19,9,1,3.07
15344,13,10,4,5.09
17495,8,4,1,4.61
16531,48,46,6,4.04
15120,22,1,1,4.25
16701,50,48,14,9.17
15498,51,48,18,6.81
16667,43,30,1,2.69
13124,39,37,2,4.11
12540,50,48,16,7.01
16996,41,40,6,9.06
14901,20,18,7,3.64
16692,44,5,1,106.33
15227,48,40,3,5.26
18189,41,27,2,3.97
17738,43,37,3,4.78
16496,48,44,3,4.22
16384,40,24,1,4.43
16208,44,35,1,2.52
15214,37,34,7,3.78
16814,51,47,20,5.01
12545,40,26,1,5
17406,50,47,1,5.33
15434,31,27,3,4.6
14206,37,35,1,4.14
14341,48,39,4,4.23
13715,51,49,4,2.56
15762,14,2,1,3.94
17047,32,17,1,4.23
12818,40,12,1,24.47
12915,24,20,1,4.13
16557,22,16,1,6.41
13546,31,26,2,1.6
16403,47,1,1,3.23
12624,28,10,1,4.22
14201,36,34,8,5.17
12596,37,27,1,5.72
17749,39,11,1,4.82
18146,34,11,1,4.01
14629,10,7,2,1.6
12710,32,15,3,3.69
18242,33,20,2,7.16
15249,39,32,12,4.69
13853,11,7,1,11.7
15845,51,46,9,6.74
14844,37,25,3,6.13
15048,34,31,3,0.99
16245,39,33,4,3.96
15661,51,3,1,15.49
13741,34,21,3,4.79
13451,51,44,4,1.71
17857,45,43,16,120.51
16644,33,5,1,3.36
16493,50,37,5,5.54
14960,27,23,1,2.05
12560,23,19,3,4.88
15707,15,7,3,1.1
16833,51,48,2,5.89
14973,35,17,2,10.27
13731,38,4,1,4.02
17175,45,36,4,5.69
17526,44,42,4,18.32
15179,48,45,5,5.86
12901,41,37,21,38.03
15933,15,9,2,3.74
14428,49,45,6,2.13
14704,29,25,6,0.93
16325,38,29,3,8.47
14342,33,27,4,7.6
17107,43,36,5,6.68
12963,45,42,6,4.88
12783,14,11,4,8.28
12569,39,36,20,5.48
16385,25,22,2,2.36
14950,6,2,1,4.76
12832,17,10,1,3.55
16717,47,44,8,4.7
16511,41,35,2,1.41
16042,50,47,5,4.16
14306,15,5,2,15.02
12997,48,42,4,4.69
14754,45,36,1,3.89
15135,37,1,1,3.77
17765,39,14,2,1.63
12417,51,49,11,4.7
12670,36,32,5,7.99
15722,44,36,3,7.86
15192,30,27,2,5.12
16101,13,9,2,4.02
15306,24,12,2,5.06
15630,32,23,2,4.89
13113,50,47,22,12.48
14121,11,8,4,4.38
14441,49,46,6,7.97
17024,25,16,2,7.99
14304,46,11,1,5.28
13223,36,5,1,8.16
15737,37,32,7,3.98
15971,47,42,10,30
14133,48,27,3,5.17
13394,47,44,8,4.16
16174,24,3,2,10.97
17370,27,14,3,3.38
14023,39,35,1,4.71
14329,50,46,12,4.74
16593,50,40,2,3.06
15969,29,26,3,8.92
12720,47,45,21,4.07
17820,30,28,1,1.2
13334,46,31,2,3.3
17218,51,49,7,1.79
14397,33,30,18,7.02
16066,21,16,4,3.73
16109,47,13,1,8.5
12394,34,22,1,11.78
13588,39,34,7,3.49
17449,43,41,6,2.27
12492,18,6,1,3.29
13001,49,46,12,7.19
15734,31,12,1,12.88
17633,20,18,5,4.89
15732,33,29,1,5.25
15608,20,13,2,4.56
15136,17,14,3,4.68
18164,8,1,1,4.05
13831,34,30,5,7.44
16359,50,46,9,7.29
13079,23,20,4,9.17
13918,39,29,1,10.11
13848,45,42,2,62.75
13953,42,41,6,43.95
15492,13,6,1,4.71
14175,50,40,5,5.09
18263,39,33,2,4.9
13769,49,47,12,4.93
16951,46,26,2,3.71
15805,44,41,13,4.56
14995,43,35,1,0.96
17372,48,46,7,1.33
13787,14,11,1,2.49
17540,48,44,2,5.65
14934,43,30,2,5.38
17897,27,24,2,1.29
15749,50,14,1,1125.55
12843,41,29,7,3.99
14515,34,29,4,5.2
18270,41,33,2,6.3
15611,51,47,12,8.97
14224,49,30,3,2.22
13272,16,9,1,4.61
16660,48,43,2,25.37
16915,43,39,5,2.73
17716,41,35,8,5.71
13984,49,46,5,19.9
17537,46,39,1,2.99
12510,49,26,1,7.44
14667,49,47,18,4.02
12517,30,23,3,2.22
16182,45,32,3,59.09
14352,42,17,2,5.74
17451,18,15,6,4.19
13476,43,15,3,5.67
14400,24,1,1,5.67
14356,14,3,2,4.84
15045,40,16,2,16.11
12990,47,40,2,7.88
15759,45,43,2,9.04
15550,46,43,3,2.36
16739,28,1,1,5.21
13437,30,25,6,5.1
13013,38,35,12,5.44
13592,41,33,3,3.87
13266,39,37,16,4.89
18230,46,44,9,8.16
14176,49,47,3,4.53
18069,50,43,4,1.09
14758,40,17,3,5.23
17795,41,13,1,1.9
16454,37,28,2,1.83
13410,44,40,6,8.48
12794,17,7,1,4.78
12668,47,45,4,5.76
17387,8,2,1,2.51
13448,34,32,6,4.54
17590,9,6,2,1.84
17481,16,13,4,3.8
16249,37,27,4,6.52
15525,5,2,2,1.17
17298,21,4,1,4.15
12930,27,13,2,3.9
16456,47,43,4,4.86
16342,28,14,3,5.37
12483,51,46,9,8.16
14301,20,2,1,10.13
18095,50,3,1,6.91
14745,44,25,4,4.55
18017,47,33,2,43.58
17376,47,34,1,2.12
16945,46,44,12,4.36
18135,30,23,3,8.52
14256,40,37,2,4.64
15134,37,32,7,4.75
14047,51,48,4,9.76
16768,42,32,2,2.15
17460,48,44,6,5.35
16110,47,38,2,0.94
15411,29,22,4,3.43
15863,30,24,1,0.96
14487,16,13,4,2.08
12594,49,41,8,7.05
17416,43,36,8,6.41
12507,45,23,2,14.69
14178,29,25,6,1.24
16955,51,49,4,5.23
16086,44,41,4,7.02
17002,44,31,3,7.5
16422,51,50,43,22.28
12647,41,39,10,7.37
14696,49,46,7,3.92
14285,28,22,3,17.69
15568,13,10,2,3.58
12653,45,21,1,12.85
12726,48,46,6,5.26
18122,24,20,5,1.25
14232,41,34,6,4.35
12826,49,46,6,3.94
16980,44,5,1,3.1
17159,27,21,3,3.78
14688,49,45,19,4.29
17621,47,46,3,13.18
18155,44,30,3,3.53
18232,31,17,3,3.77
17169,29,19,3,3.56
17468,5,1,1,6.85
13110,47,40,6,2.61
14467,47,42,3,1.66
15271,51,48,14,2.3
16598,44,2,1,3.4
13373,42,31,2,5.24
17671,33,30,5,7.63
16987,32,29,5,3.15
12456,39,30,3,6.22
12616,45,30,4,5.34
14000,33,1,1,9.96
16361,13,9,3,2.11
16169,14,10,3,5.36
16570,47,45,10,7.24
15791,32,23,2,5.33
14481,44,18,1,5.3
12584,43,40,13,5.52
17317,16,7,2,60.83
15763,14,7,2,4.46
17673,49,46,5,1.79
13771,38,26,3,5.49
12891,45,16,2,27.58
15427,10,2,1,1.21
15990,44,35,1,3.81
15998,40,37,4,1.52
17459,11,2,1,1.48
12572,10,6,1,4.18
18269,3,1,1,6.2
14045,51,47,2,69.16
14401,48,46,13,5.55
16463,32,26,4,4.3
12967,46,44,3,16.11
15907,33,30,2,0.97
16600,51,48,5,3.28
17555,51,45,1,1.14
15612,12,4,1,8.13
15577,46,22,1,1.66
16816,48,46,3,3.72
13949,16,13,5,3.79
17653,20,13,3,6.2
15883,8,5,1,2.02
18101,23,19,1,1.36
16229,33,18,1,5.38
14895,49,45,12,5.56
17361,44,34,2,4.21
13269,39,37,13,4.2
12490,50,46,9,5.53
16019,51,48,8,6.25
12599,46,39,6,4.16
13277,22,17,3,8.08
14875,40,36,3,7.41
16807,41,18,2,4.19
15103,15,8,1,5.02
13178,45,43,10,5.4
14557,15,3,1,12.32
15239,14,10,2,3.83
14766,39,36,5,4.61
12522,10,2,1,4.02
13363,9,4,1,4.14
17075,48,43,3,2.67
15965,7,4,2,1.73
14711,40,36,10,2.02
14409,48,45,4,10.05
16723,18,2,1,3.43
15275,8,1,1,3.7
13835,34,28,3,3.79
17602,49,46,6,2.28
14229,50,40,3,9.56
13183,51,47,8,10.53
15402,31,7,1,3.73
17746,37,1,1,3.8
18180,23,20,5,3.87
14110,41,38,11,9.07
17041,18,16,2,3.86
16200,26,23,1,1.51
16153,34,33,4,5.12
13232,38,33,6,1.64
16209,38,23,4,12.3
13203,37,33,3,3.81
14461,40,16,2,2.92
15529,49,46,9,1.49
13126,51,48,7,3.77
17527,34,24,5,5.05
16466,45,37,6,2.71
16883,30,26,1,1.82
18055,47,45,8,4.69
16164,9,4,3,6.02
16997,49,5,2,14.63
13317,37,35,5,4.46
12682,51,48,22,5.85
13420,27,5,3,4.48
16714,48,14,1,3.75
15356,45,43,9,1.33
12422,49,33,2,5.15
12407,41,31,4,5.55
15881,47,45,2,4.41
14856,11,3,1,4.97
15651,40,32,1,5.05
17277,49,14,1,3.86
18178,47,44,5,4.06
15860,39,36,7,1.72
17076,42,39,2,8.41
17289,29,22,2,2.13
15681,43,38,4,7.11
17235,6,2,1,4.74
18226,51,43,12,5.37
16730,48,38,3,2.33
13888,34,14,1,3.79
16520,37,34,2,1.68
13149,44,39,3,4.87
15513,50,47,17,11.94
12684,33,29,6,5.44
17734,36,26,2,4.07
16620,40,37,1,4.97
13171,46,42,4,2.66
14390,37,33,6,4.05
17856,43,40,3,21.21
14298,51,50,22,7.96
13631,41,24,6,64.98
17511,51,49,25,21.84
15571,14,10,3,2.85
17835,6,3,2,1.44
13425,45,27,2,5.21
13131,30,24,3,6.02
14562,46,43,15,3.05
14446,38,35,3,0.89
15181,41,39,4,9.7
18179,51,47,4,4.98
13666,44,33,1,1.76
15810,45,31,4,3.66
18231,44,14,4,4.17
18225,46,43,14,4.95
13253,51,26,1,7.16
16551,51,35,2,7.2
13777,50,49,22,29.92
17054,38,31,4,4.04
17668,8,5,1,5.8
12844,21,14,1,1.57
17425,11,5,1,4.41
17411,40,37,3,4.7
17188,51,49,7,7.51
14109,13,7,1,3.72
14019,23,14,3,5.31
14976,49,38,4,2.79
15036,28,15,1,0.92
14755,51,47,10,5.33
15493,41,34,3,1.7
12872,49,46,1,2.27
15708,51,47,8,2.86
14114,50,8,1,6.44
13924,13,10,7,3.64
13548,38,21,1,1.38
13162,51,31,4,5.28
17371,5,3,1,1.22
17181,11,7,1,2.61
14460,47,28,2,7.14
13962,38,32,1,3.85
14805,48,43,3,2.95
16356,42,11,2,1.67
13310,49,45,5,3.83
13184,44,39,7,2.4
16989,24,20,5,23.61
13950,38,34,3,5.29
15782,16,12,3,14.97
12455,45,32,4,6.85
14560,48,47,20,7.57
17997,26,13,6,3.38
14857,24,13,2,4.84
16866,26,3,2,4.72
16654,36,33,4,4.9
17490,28,25,5,6.56
15981,47,41,7,8.78
14710,11,6,3,1.09
13764,51,38,2,1.83
14849,48,46,14,5.07
15799,51,37,2,2.26
16616,25,20,1,3.79
17827,37,34,2,2.27
17306,49,48,16,31.38
17256,47,29,1,3.75
12458,43,30,1,6.23
12657,14,10,2,9.53
17905,25,24,3,5.88
17050,46,29,5,2.55
12427,11,10,3,6.74
13263,49,46,28,1.11
15641,43,41,3,3.96
16556,45,43,6,4
13421,44,35,1,4.41
13534,51,50,26,4.48
17418,49,40,1,3.86
12501,51,3,1,3.51
15625,36,19,4,5.75
17828,29,25,7,6.22
13506,48,44,2,4
15251,37,33,13,21.99
16897,48,2,1,2.08
16484,30,2,1,4.13
13849,27,17,1,3.81
13376,36,19,2,4.81
16782,48,46,15,2.94
18154,9,6,1,4.75
17422,45,40,8,3.9
14664,8,2,1,1.61
13669,24,14,1,6.07
17454,46,44,3,2.12
17676,21,18,3,4.41
14463,32,15,2,22.07
14985,31,29,1,0.85
13138,37,33,5,3.82
17707,51,22,1,7.62
13107,50,41,3,6.41
13519,14,4,1,3.74
16837,38,31,9,4.78
12465,27,23,2,3.68
15123,32,28,1,5.19
14698,10,7,3,1.49
12352,45,37,6,9.12
15858,44,41,4,1.88
13617,29,20,2,3.09
13324,47,45,6,23.28
12999,38,7,2,4.07
13501,44,7,1,6.46
14073,7,1,1,2.9
15826,33,23,2,6.01
15349,30,5,1,1.65
16023,41,32,2,1.78
17329,48,43,1,3.96
16763,31,2,1,6.55
15690,17,14,1,3.15
14691,33,26,3,7.44
14258,51,47,7,28.33
14738,48,40,8,5.98
13823,16,11,1,5.99
15198,21,5,1,4.84
13808,17,13,4,5.75
15272,15,4,1,2.86
16121,34,23,1,1.02
15205,21,6,2,4.33
13587,12,5,2,24.5
13536,14,11,5,4.82
16950,21,18,2,7.02
17951,8,7,3,12.22
14167,50,42,3,2.76
15147,37,3,1,5.5
14759,36,33,2,3.99
16619,40,1,1,3.88
12377,48,47,1,5.29
15279,3,2,1,3.61
12635,25,9,1,4.18
16851,10,7,2,4.28
15101,51,49,2,9.03
15502,42,39,10,15.11
17849,50,16,3,5.83
16525,50,48,25,17.7
14543,48,45,14,10.15
12477,47,41,8,10.81
13894,47,41,2,4.94
16184,33,21,5,6.32
12735,51,3,1,4.53
15104,43,16,2,3.71
17302,46,41,5,3.55
16832,34,5,2,4.15
17557,14,9,2,3.98
13760,39,28,1,1.26
14239,48,39,9,5.25
13566,15,6,1,1.24
16912,49,43,8,6.24
16347,8,4,1,2.41
15067,43,29,1,5.32
13520,49,45,6,9.9
18116,45,44,6,0.94
18261,16,7,1,3.86
13862,50,45,8,3.93
15581,42,41,9,6.51
16519,6,3,1,4.14
12386,51,48,1,10.05
14261,14,4,1,5.59
16869,28,22,4,1.64
17994,44,24,3,2.16
13936,28,1,1,3.63
14149,34,1,1,3.96
12372,45,32,2,6.24
18125,48,41,3,1.45
17412,46,44,6,4.77
15312,34,33,3,4.84
14963,29,25,4,1.88
16621,42,32,3,7.01
16818,32,28,10,4.43
18151,44,22,1,4.3
17470,38,35,4,3.61
17770,43,12,3,7.52
12649,33,30,2,4.87
14466,47,43,6,7.89
17064,50,39,2,3.47
13995,38,33,5,4.03
13576,51,47,18,12.94
17239,47,46,1,6.02
16149,23,20,1,3.9
13515,38,25,3,3.78
14850,47,44,1,4.24
13265,42,32,4,5.79
16227,35,1,1,11.43
17402,50,47,10,11.16
13842,51,48,8,4.11
15831,49,38,2,3.1
15494,20,14,1,2.6
14810,51,47,10,2.05
13539,47,32,2,4.32
16313,10,7,1,4.28
13473,50,39,1,4.86
17917,39,36,2,0.91
18109,51,48,22,4.5
17611,49,47,14,1.73
16670,50,48,13,3.98
14188,47,43,8,7.36
12438,23,18,1,7.42
15694,50,48,12,20.68
15644,40,13,2,0.85
16956,5,1,1,4.52
12502,47,31,4,6.33
16497,50,40,4,5.45
17007,33,32,5,4.26
15713,23,21,2,4.58
16442,35,33,2,0.89
14769,49,48,9,2.45
13192,32,16,1,3.62
17704,37,10,1,7.14
13487,33,32,2,4.23
15187,33,30,14,13.13
17593,27,26,4,4.59
14921,32,25,1,4.22
15290,50,48,16,9.53
16405,47,1,1,8.36
12375,17,14,2,6.38
15808,51,49,3,4.46
18188,44,39,3,6.96
15980,39,24,1,13.95
12701,37,23,1,3.76
13736,40,36,1,0.95
16140,12,8,2,5.04
18130,11,7,3,3.78
17114,51,47,7,1.61
14194,47,44,19,4.75
14984,29,23,1,1.3
12912,9,6,4,17.32
12406,29,23,2,8.22
12793,51,47,1,5.68
17299,28,24,3,2.93
16103,36,32,5,7.45
14447,43,38,3,4.15
17999,8,5,1,1.03
15244,38,26,1,4.64
14265,24,6,1,4.28
13954,13,10,2,4.18
12840,35,12,4,5.9
14479,39,36,1,4.39
12626,49,43,11,5.58
18282,21,17,2,3.45
14075,40,37,2,5.48
16500,50,47,4,9.11
16916,6,2,1,1.01
18218,43,11,3,7.27
15967,48,42,1,1.25
17223,47,44,1,2.18
18043,32,29,2,1.16
15382,45,40,6,4.89
16828,19,3,1,4.02
13468,50,48,32,4.7
15594,36,31,4,4.27
16119,13,9,1,6.62
16027,46,30,6,14.96
13500,20,14,3,4.47
16295,12,8,3,4.2
12694,29,16,1,5.88
17346,45,43,12,1.36
16835,21,17,1,4.52
14532,48,47,3,3.64
12559,48,1,1,6.67
12727,49,45,6,7.12
17502,7,3,2,6.15
17924,46,45,7,19.94
16813,32,28,9,0.94
13003,33,15,2,6.21
15658,49,45,6,4.86
13516,37,31,2,7.89
14085,50,49,12,2.47
14715,50,44,3,3.05
15850,27,21,1,0.62
12494,51,49,10,4.03
12755,43,40,3,225.86
18085,50,46,1,5.95
14336,42,37,3,4.49
13066,7,1,1,2.61
13027,41,40,4,66.46
15253,27,22,3,4.19
13109,25,22,4,4.03
14554,10,6,3,2.76
14525,49,47,9,3.73
13904,45,37,1,3.2
17059,40,36,4,1.5
15105,22,17,4,5.69
13873,47,27,3,4.14
16053,20,13,1,4.5
16043,48,40,3,4.96
12913,46,43,3,12.42
18053,13,1,1,3.61
16131,37,27,3,11.24
16048,15,11,1,7.48
15111,12,8,2,4.67
12429,35,32,3,9.67
17504,49,17,5,5.8
17685,50,48,6,6.14
12935,48,45,6,4.16
15696,49,41,8,4
14587,50,45,8,1.04
15974,44,36,6,4.88
13694,51,50,33,28.81
15815,40,28,4,10.72
17706,44,41,11,6.91
15152,30,26,12,4.32
17400,39,38,3,2.5
18036,38,31,2,1.06
14669,50,13,1,1.87
17869,38,35,3,2.68
17503,8,5,1,3.68
12722,24,9,5,4.78
15856,46,45,17,6.36
13431,15,3,1,6.9
13248,30,9,1,4.48
16984,21,7,3,2.73
14860,6,2,1,3.58
14513,44,27,3,6.57
17204,40,39,5,6.63
14904,6,3,1,3.72
15950,18,16,4,4.43
13297,12,8,2,8.86
12708,50,47,12,4.04
13344,42,30,1,5.34
14364,33,15,6,13.47
17692,46,44,4,3.98
13589,28,23,1,4.52
12744,48,38,4,36.5
14608,15,12,2,22.31
12535,29,13,1,5.27
13098,48,45,25,12.03
15364,39,23,1,7.87
16561,11,7,1,4.12
15835,50,41,3,4.77
13988,39,33,7,4.39
14422,41,38,5,4.8
16473,51,25,3,4.18
12888,39,6,2,14.09
13517,28,17,3,3.75
17447,13,4,1,3.76
16637,35,28,4,4.11
15689,20,18,1,7.06
15330,11,4,1,13.75
16688,11,8,3,5.08
15163,30,25,1,2.62
12937,41,36,3,3.13
14291,42,39,7,4.09
15508,36,6,3,2.72
14077,42,33,4,2.97
14407,42,24,7,7.25
14862,24,18,1,4.38
16533,13,7,3,1.61
17702,32,29,5,6.03
16558,48,46,20,4.44
14488,12,2,1,5.52
13643,29,22,2,4.64
14591,33,28,1,1.84
13717,45,38,6,3.54
14540,47,43,2,3.28
16971,8,5,1,2.87
16411,6,2,1,1.19
15987,34,31,5,2.59
15747,27,22,2,2.62
15801,18,9,2,3.93
14903,43,37,7,1.98
14676,46,39,7,14.51
16871,41,35,5,5.15
15648,41,9,3,6.38
15602,50,49,11,7
17268,38,20,2,31.82
12828,21,18,5,4.55
17155,28,23,1,3.15
15237,35,32,3,3.57
17744,50,48,5,4.3
15002,51,48,3,3.57
12994,41,38,4,3.58
14815,12,4,1,3.67
17564,14,8,2,2.32
13470,19,2,1,4.13
12853,48,30,5,6.05
15704,34,11,2,4.9
16811,5,2,1,4.88
12360,31,21,2,5.16
14163,37,22,3,11.76
18168,46,44,5,2.15
15977,8,3,1,4.06
12500,50,44,9,16.57
12936,14,9,2,4.42
18037,49,46,5,0.92
12993,45,39,3,3.84
14198,37,34,6,4.2
13529,32,18,1,5.13
14216,8,5,3,7.79
17937,45,43,6,25.01
15852,31,2,1,1.83
14104,26,1,1,2.57
12576,46,38,5,3.72
12719,12,8,2,4.06
15044,50,49,14,4.21
13880,45,42,9,4.88
15547,48,45,11,1.76
14643,27,26,2,5.29
15171,50,1,1,55.16
13659,49,18,2,3.69
17728,15,12,3,4.79
18235,34,21,2,4.32
17058,37,23,2,4.76
16116,33,1,1,4.52
14735,49,47,20,7.71
12409,29,15,2,24.32
12579,14,1,1,3.79
16513,9,6,3,6.25
13959,43,40,2,1.63
17980,32,30,2,6.76
12955,41,38,12,6.53
16185,36,31,1,4.27
16806,37,19,3,1.95
16805,28,26,1,1.17
12472,48,44,9,4.42
13634,50,42,4,2.09
17949,51,48,23,203.39
12435,41,27,1,54.37
14282,41,38,11,5.98
17629,50,48,8,3.72
12578,51,45,3,5.91
14156,50,46,32,21.37
14339,37,1,1,4.57
17186,11,2,1,18
12863,31,21,1,22.43
15114,46,39,9,3.5
15241,43,31,8,4
18241,34,30,13,4.97
12691,48,46,4,8.09
16099,35,25,2,4.69
12849,41,34,1,5.15
17429,34,14,3,3.2
13375,15,1,1,5.16
13914,8,5,2,4.7
15901,25,20,2,0.78
16612,47,40,3,4.5
16628,36,29,5,4.61
13722,43,23,2,6.92
14276,44,29,4,4.07
14716,24,15,1,1.5
15755,45,42,7,4.04
12520,42,28,5,4.33
16070,7,1,1,6.46
15823,51,47,1,12.81
14434,13,7,5,28.6
16133,48,45,29,10.19
14527,51,50,47,2.3
13579,5,1,1,5.08
15814,10,7,4,6.92
14825,45,43,10,4.6
17062,48,46,3,1.91
13321,15,2,1,12.89
16333,47,43,12,147.93
16416,11,4,2,3.68
13148,48,47,9,2.93
15018,39,36,3,4.19
14952,46,43,9,13.9
16402,41,37,1,1.25
13453,44,18,1,5.25
13458,51,50,21,6.19
14482,37,32,5,3.59
12830,27,19,5,44.11
18093,46,30,3,14.01
13255,4,1,1,7.29
16777,40,26,1,1.13
17183,18,14,5,11.21
15400,43,27,5,14.73
16016,35,32,5,1.62
13417,32,29,1,5.72
14473,43,30,1,8.37
14905,36,11,1,8.78
14619,38,1,1,4.65
13805,21,11,1,17.78
15468,10,8,3,4.28
15514,43,41,6,6.1
16899,32,30,5,2.56
17160,37,30,5,3.84
15877,5,2,1,1.04
13919,20,10,2,3.18
18183,42,8,4,3.77
14535,38,27,2,2.17
12679,43,33,6,5.21
14431,46,1,1,6.17
17166,32,24,2,3.99
17126,46,43,2,0.97
16554,50,47,5,3.49
13221,37,35,1,3.21
12989,50,47,12,25.71
15786,19,10,2,4.49
14334,48,46,8,3.93
13890,48,46,10,4.18
14385,6,2,2,3.61
18190,50,20,2,4.6
16678,43,40,12,4.71
14264,38,34,2,4.59
15172,37,33,4,3.69
17550,38,7,1,1.59
12775,47,42,4,5.3
16626,41,38,13,6.04
13461,26,18,2,13.38
14448,4,1,1,4.69
12370,42,40,2,5.31
17191,43,40,4,2.21
17483,29,17,2,4.93
13615,48,1,1,4.54
13282,34,29,4,7.6
18108,39,1,1,3.65
14326,37,1,1,5.58
14891,30,6,1,4.2
13133,46,4,1,3.92
14709,48,46,11,6.26
17509,12,1,1,4.15
15322,15,3,1,3.86
17220,47,44,9,1.69
13004,50,48,19,3.48
14217,51,48,17,4.87
15809,46,38,4,3.68
13681,25,20,3,3.63
14037,28,25,1,1.31
17768,27,23,2,5.41
18283,51,48,13,0.69
15353,39,36,1,3.08
13200,21,15,2,4.73
18167,18,15,4,8.22
12640,14,8,1,5.54
17624,34,29,1,4.22
14135,51,50,11,8.75
14855,22,2,1,8.07
15511,15,11,4,1.42
17255,46,37,1,0.96
13562,38,24,2,5.49
16743,42,40,6,2.96
15058,47,41,7,1.92
14452,16,12,1,1.07
17006,14,11,3,4.44
16020,12,7,1,4.63
12348,48,46,3,14.49
18194,15,3,1,29.21
13028,9,3,2,3.53
16477,48,47,6,4.27
17203,11,3,2,5.86
13486,25,11,2,4.07
12842,47,34,1,8.23
17522,34,31,4,3.67
17750,26,22,8,2.33
16136,42,31,2,4.79
15673,50,35,3,4.65
15640,50,48,13,6.36
13116,23,3,1,4.17
16261,38,33,3,1.51
12585,51,50,3,5.41
16360,15,12,5,1.35
16040,41,29,2,5.05
15800,38,20,1,1.47
14867,51,48,3,4.86
15919,6,3,1,1.12
12697,27,21,4,5.68
14231,44,16,4,4.77
16566,45,40,4,8.1
16629,17,4,1,1.63
14240,35,28,1,5.3
14684,34,31,4,0.73
16271,23,21,4,2.68
15301,41,38,11,5.17
12615,27,24,3,5.46
12381,20,17,4,5.18
13414,45,23,2,14.48
18160,31,20,1,4.09
14708,25,23,2,9.97
17469,32,27,4,5.27
13405,48,35,2,5.3
16560,7,5,2,3.73
15125,41,35,14,21.32
13330,48,32,2,5.38
17700,43,40,5,4.38
12609,48,34,2,4.7
13435,30,26,6,9.28
18205,13,5,1,4.04
14173,34,30,2,3.89
14331,22,1,1,4.13
13155,49,46,3,2.86
13963,51,48,3,4.75
17656,21,8,4,5.11
16126,45,38,3,13.44
13311,24,21,1,5.76
16367,8,5,1,1.55
15433,41,27,2,3.06
16279,50,44,3,3.49
16092,39,22,4,4.04
15399,14,11,2,4.08
13012,45,41,7,4.7
14836,7,3,1,4.27
14512,36,6,1,2.99
13092,42,40,5,4.77
17863,47,43,5,5.34
17658,33,29,2,7.66
14719,38,35,4,1.69
16007,34,24,3,1.11
15215,48,39,3,4.96
15656,43,34,3,3.98
13718,45,7,1,6.39
12539,50,44,3,6.65
17068,50,48,19,3.85
16794,29,26,8,1.08
14440,48,45,4,10.72
14646,50,49,31,33.68
14665,47,36,4,5.16
14573,44,40,7,1.77
17434,15,12,7,4.37
13481,39,36,6,4.09
12621,45,43,16,7.26
13240,40,37,3,2.48
15184,30,23,1,1.61
17865,45,43,19,7
12586,5,2,1,4.46
15078,48,47,21,5.47
16091,31,6,1,4.38
15985,37,17,2,8.21
14395,51,48,10,2.51
16735,51,37,5,4.55
17042,38,35,4,2.66
17786,48,33,1,0.97
16647,32,5,1,3.82
14937,21,10,2,11.62
15527,48,47,7,3.78
14768,21,16,2,10.24
16681,39,26,5,10.06
14842,47,39,7,5.05
17381,50,47,18,46.09
14383,26,18,2,5.29
15743,29,24,3,2.23
14851,39,33,1,4.57
14335,17,12,1,1.86
15265,36,12,1,4.59
18260,51,49,7,4.81
12480,51,44,3,5.33
17146,40,38,2,5.36
17576,49,47,17,2.27
13952,37,4,2,5.9
14539,9,4,1,4.2
13821,40,17,1,1.63
14504,43,33,3,1.57
14737,21,20,2,17.13
16211,15,1,1,5.74
12546,14,5,2,4.22
12592,33,17,1,6.08
13610,44,39,6,1.26
16603,16,3,1,3.55
17578,34,4,1,6.76
13705,23,19,1,6.36
13656,51,25,1,1.94
14878,45,43,8,3
12944,8,7,1,5.04
13082,51,30,6,12.11
17086,12,8,5,5.34
15665,38,11,1,4.83
17133,41,36,5,45.3
13140,19,16,2,2.3
13064,50,45,3,4.06
17616,39,36,2,47.6
17664,33,28,1,3.52
13151,45,13,1,4.22
17338,50,48,7,2.2
13102,51,49,19,5.25
18136,48,36,3,5.17
15358,51,50,18,3.77
17432,8,3,1,1.91
13819,48,2,2,7.92
16729,37,29,19,2.77
15597,8,1,1,3.62
13396,48,42,3,7.43
14971,9,1,1,1.74
17686,46,42,4,5.02
15107,51,49,4,4.89
12942,31,28,2,2.28
13709,48,45,10,4.63
14443,47,44,5,3.67
14083,42,41,6,1.41
14530,45,39,5,3.39
13759,13,5,1,6.59
17867,44,37,4,5.47
15140,41,31,6,7.28
12415,51,45,14,40.52
14631,45,35,2,6.14
17552,13,9,3,4.66
17405,24,21,3,2.91
13189,19,14,1,2.25
17015,29,22,2,2.12
12383,50,49,5,4.65
14866,23,20,11,35.39
12645,48,40,4,6.06
15669,40,31,4,4.94
16350,50,47,4,4.72
14227,43,36,10,4.63
12434,40,38,3,3.92
14653,51,48,5,2.05
12433,16,13,3,7.96
15561,34,30,3,7.08
17061,36,23,8,13.24
18273,40,37,2,17
13956,42,38,4,1.69
16938,47,43,3,3.69
16656,51,48,17,27.14
16778,42,29,1,3.84
15054,9,4,1,0.66
12689,21,15,1,4.33
15095,32,14,3,7.02
